Unnamed: 0,0,1
0,-1.2808357496283356,0.4637688682025681
1,-0.7331844493062669,0.5049185881925999
2,-1.3178538854791266,-0.23822460379487076
3,-1.6894182271682403,0.06893346000401443
4,-0.7165884064860797,-0.3967326826575882
5,1.3318826580042566,0.5043504051414824
6,1.0612094249972737,-0.2402875124145089
7,1.1915843869410383,0.2877760288104861
8,0.7665531473750152,0.35441014531344345
9,1.1476078489999348,0.31227466209853577
10,-4.0,0.0
